,Name,Address,Phone Number
1,Camelia Clarice Camel,"285 W Desert Springs Blvd
Tucson, AZ 85225",n/a
2,Not So Great Healthcare,"123 Miccosukkee Rd
Suite 9999
Tallahassee, FL 32303",850-339-1221
3,Hopeless Healthcare,"123 Miccosukkee Rd
Suite 9999
Tallahassee, FL 32303",850-339-1221
4,"Carlyle C Crow, III","4038 NW Pine
Cumberland, KY 81810",n/a
5,Martin A Badger,"1 Badgers Den
Tempe, AZ 85099",n/a
6,Box Check,"1 Badgers Den
Tempe, AZ 85099",n/a
7,Griselda Gertie Gopher,"2200 W Meadon Ln
Asheville, NC 28002",n/a
